구분,지표,단위,Q1,Q2,Q3,Q4,연간,측정방법,공시 매핑,검증 출처
E·환경,조사 면적,㎡,760,800,820,700,3080,트랜섹트/방형구 합계,(밀도 산출 근거),조사기록
E·환경,조사 노력,인·분,720,640,980,560,2900,인원×조사시간,(효율 산출 근거),로그
E·환경,회수 품목 수,개,612,548,690,470,2320,품목·재질·개수 기록,GRI 306-3(구성),DAD DB
E·환경,총 회수 폐기물량,kg,138,121,175,118,552,품목별 분류 후 계량,GRI 306-3(준용)·K-ESG(폐기물),DAD DB·계측기록
E·환경,폐기물 밀도(개수),items/㎡,0.81,0.69,0.84,0.67,0.75,개수÷조사면적,SDG 14.1.1(b) 플라스틱 잔해 밀도,DAD DB
E·환경,폐기물 밀도(중량),kg/㎡,0.18,0.15,0.21,0.17,0.18,중량÷조사면적,SDG 14.1(보조),계측기록
E·환경,재활용 회수량,kg,85.6,79.9,119.0,75.5,360,재활용 경로 반출량,GRI 306-4(처분 회피),처리 증빙
E·환경,재활용 전환율,%,62,66,68,64,65,재활용량÷총량,GRI 306-4,처리 증빙
E·환경,최종 처분량,kg,52.4,41.1,56.0,42.5,192,소각·매립 반출량,GRI 306-5,처리 증빙
E·환경,폐어망·유령어구 제거,개,22,17,26,15,80,현장 계수,GRI 101(생물다양성 압력 저감),DAD DB·사진
E·환경,오염 핫스팟 확인(누적),개소,,,,,3,GPS 기록,정성(지도 첨부),GPS·사진
E·자연,얽힌 생물 확인·해제,개체,1,1,2,1,5,현장 계수,GRI 101-6/7·TNFD(자연 상태·압력),DAD DB·사진
S·사회,참여 임직원(연인원),명·회,12,10,16,9,47,활동별 출석,GRI 413-1(지역사회 참여),출석기록
S·사회,총 봉사시간,시간,72,62,100,54,288,인원×활동시간,GRI 413-1·S 참여,로그
S·사회,재참여율,%,,,,,72,재참여자÷참여자,S 참여(임직원 몰입),출석기록
S·사회,신규 국제 자격 취득(갱신),명,,,,,6,자격 발급 확인,GRI 401-2(복리후생)·404(교육),자격 카드
S·사회,지역사회 협력,건,1,,1,1,3,MOU/협업 확인,GRI 413-1,협약/기록
G·거버넌스,ESG위원회 정례 안건 상정,회,1,1,1,1,4,회의록,GRI 2(거버넌스 감독),회의록
G·거버넌스,데이터 품질 커버리지,%,100,100,100,100,100,GPS·사진·계측 완비율,GRI 2·데이터 신뢰,원장
G·거버넌스,제3자 DB 등재율,%,100,100,100,100,100,DAD 등재÷활동,GRI 2·검증,DAD DB
G·거버넌스,예산 정산 공개율,%,,,,,100,결산 공개,GRI 2·투명성,결산자료
